abbreviation,expands_to,ambiguous,n_words,keep
"שו""ע",שולחן ערוך,,2,Y
"אבהע""ז",אבן העזר,,2,Y
"או""ח",אורח חיים,,2,Y
"חו""מ",חושן משפט,,2,Y
"יו""ד",יורה דעה,,2,Y
"פנ""י",פני יהושע,,2,Y
"א""א",אשל אברהם,,2,Y
"אבה""ע",אבן העזר,,2,Y
"אבע""ז",אבן עזרא,,2,Y
"אד""ז",אדרא זוטא,,2,Y
"אה""ע",אבן העזר,,2,Y
"אהע""ז",אבן העזר,,2,Y
"אוה""ח",אור החיים,,2,Y
"אור""ח",אורח חיים,,2,Y
ארבעה טורים,טור,,1,Y
"באה""ג",באר הגולה,,2,Y
"ב""ב",בבא בתרא,,2,Y
"בהגר""א",ביאור הגרא,,2,Y
"ב""י",בית יוסף,,2,Y
"ביאוה""ג",ביאור הגרא,,2,Y
"ביהגר""א",ביאור הגרא,,2,Y
"ביה""ל",בית הלוי,,2,Y
"ב""מ",בבא מציעא,,2,Y
"במדב""ר",במדבר רבה,,2,Y
"במ""ח",באר מים חיים,,3,Y
"במ""ר",במדבר רבה,,2,Y
"בעה""ט",בעל הטורים,,2,Y
"ב""ק",בבא קמא,,2,Y
"ב""ר",בראשית רבה,,2,Y
"בר""ר",בראשית רבה,,2,Y
"ב""ש",בית שמואל,,2,Y
"דב""ר",דברים רבה,,2,Y
"דה""י",דברי הימים,,2,Y
"ד""מ",דגול מרבבה | דרכי משה,YES,2,Y
"דמ""ר",דגול מרבבה,,2,Y
דרך ה',דרך השם,,2,Y
דרך פיקודיך,דרך פקודיך,,2,Y
"דר""מ",דרכי משה,,2,Y
"דר""פ",דרך פקודיך,,2,Y
"האריז""ל",הארי,,1,Y
הגהות מיימוני,הגהות מיימוניות,,2,Y
הגהות מימוניות,הגהות מיימוניות,,2,Y
"הגה""מ",הגהות מיימוניות,,2,Y
"הג""מ",הגהות מיימוניות,,2,Y
"ויק""ר",ויקרא רבה,,2,Y
"וי""ר",ויקרא רבה,,2,Y
"זה""ח",זוהר חדש,,2,Y
"זוה""ח",זוהר חדש,,2,Y
"ז""ח",זוהר חדש,,2,Y
"חו""ד",חוות דעת,,2,Y
"חוה""ל",חובת הלבבות,,2,Y
"חוו""ד",חוות דעת,,2,Y
"ח""ח",חפץ חיים,,2,Y
"חת""ס",חתם סופר,,2,Y
יד החזקה,משנה תורה,,2,Y
"יו""ט",יום טוב,,2,Y
"יור""ד",יורה דעה,,2,Y
"ילקוט",ילקוט שמעוני,,2,Y
"ילקו""ש",ילקוט שמעוני,,2,Y
"ילק""ש",ילקוט שמעוני,,2,Y
"ירוש'",ירושלמי,,1,Y
"כו""פ",כרתי ופלתי,,2,Y
"כ""פ",כרתי ופלתי,,2,Y
"כרו""פ",כרתי ופלתי,,2,Y
"כת""ס",כתב סופר,,2,Y
"לח""מ",לחם משנה,,2,Y
ליקוטי אמרים,תניא,,1,Y
"מאו""ש",מאור ושמש,,2,Y
"מ""ב",משנה ברורה,,2,Y
"משנ""ב",משנה ברורה,,2,Y
"מג""א",מגיני ארץ | מגן אברהם,YES,2,Y
"מג""מ",מגיד משנה,,2,Y
"מ""מ",מגיד משנה,,2,Y
"מד'",מדרש,,1,Y
"מד""ת",מדרש תהלים,,2,Y
"מהרש""א",חדושי אגדות | חדושי הלכות,YES,2,Y
"מו""נ",מורה נבוכים,,2,Y
"מ""ז",משבצות זהב,,2,Y
"משב""ז",משבצות זהב,,2,Y
"מס""י",מסילת ישרים,,2,Y
"מקו""ח",מקור חיים,,2,Y
"מרד'",מרדכי,,1,Y
"נה""מ",נתיבות המשפט,,2,Y
"נוב""י",נודע ביהודה,,2,Y
"נובי""ת",נודע ביהודה תניא,,3,Y
"נוע""א",נועם אלימלך,,2,Y
"נפה""ח",נפש החיים,,2,Y
"נתיבו""ש",נתיבות שלום,,2,Y
"נתיה""מ",נתיבות המשפט,,2,Y
"סד""צ",ספרא דצניעותא,,2,Y
"סה""מ",ספר המצוות,,2,Y
"סהמ""צ",ספר המצוות,,2,Y
"סמ""ע",מאירת עינים,,2,Y
"ספד""צ",ספרא דצניעותא,,2,Y
"ספהמ""צ",ספר המצוות,,2,Y
"ספרא",תורת כהנים,,2,Y
"עה""ש",ערוך השולחן,,2,Y
"ע""ח",עץ חיים,,2,Y
"ע""י",עין יעקב,,2,Y
"ערה""ש",ערוך השולחן,,2,Y
"פמ""ג",פרי מגדים,,2,Y
"פס""ז",פסיקתא זוטרתא,,2,Y
"פס""ר",פסיקתא רבתי,,2,Y
"פע""ח",פרי עץ חיים,,3,Y
"פר""ח",פרי חדש,,2,Y
"פרמ""ג",פרי מגדים,,2,Y
"פת""ש",פתחי תשובה,,2,Y
"צפנ""פ",צפנת פענח,,2,Y
"קדוש""ל",קדושת לוי,,2,Y
"קו""א",קול אליהו,,2,Y
"קצה""ח",קצות החושן,,2,Y
"קצוה""ח",קצות החושן,,2,Y
"קצשו""ע",קיצור שולחן ערוך,,3,Y
"קשו""ע",קיצור שולחן ערוך,,3,Y
"הגר""ח",ר חיים הלוי,,1,Y
"גר""ח",ר חיים הלוי,,1,Y
"הגרח""ה",ר חיים הלוי,,1,Y
"גרח""ה",ר חיים הלוי,,1,Y
ר"א בהר"מ,רבי אברהם בן הרמבם,,4,Y
"ראב""ע",אבן עזרא,,2,Y
"ראשי""ח",ראשית חכמה,,2,Y
מוהרן,רבי נחמן,,1,Y
מוהרנת,רבי נתן,,1,Y
"ר""ח",רבנו חננאל,,2,Y
"ריה""ל",רבי יהודה הלוי,,3,Y
"רע""א",רבי עקיבא איגר,,3,Y
"רע""מ",רעיא מהימנא,,2,Y
"רעק""א",רבי עקיבא איגר,,3,Y
"שבה""ל",שבלי הלקט,,2,Y
"שה""ג",שער הגלגולים,,2,Y
"שה""ש",שיר השירים,,2,Y
"הגר""ז",הרב,,1,Y
"שטמ""ק",שיטה מקובצת,,2,Y
"שיה""ש",שיר השירים,,2,Y
"שיטמ""ק",שיטה מקובצת,,2,Y
"ש""ך",שפתי כהן,,2,Y
"שמו""ר",שמות רבה,,2,Y
"שמיה""ל",שמירת הלשון,,2,Y
"ש""ע",שולחן ערוך,,2,Y
"שע""ק",שערי קדושה,,2,Y
"שע""ת",שערי תשובה,,2,Y
"שפ""ח",שפתי חכמים,,2,Y
"שפת""ח",שפתי חכמים,,2,Y
"תבוא""ש",תבואות שור,,2,Y
"תבו""ש",תבואות שור,,2,Y
"תו""כ",תורת כהנים,,2,Y
"תומ""ד",תומר דבורה,,2,Y
"תוספ'",תוספתא,,1,Y
"תנד""א",תנא דבי אליהו,,3,Y
"תנדב""א",תנא דבי אליהו,,3,Y
"תנח'",תנחומא,,1,Y
"תקו""ז",תיקוני זוהר,,2,Y
"ט""ז",טורי זהב,,2,Y
